map_message_epochs,node164_ceph-osd.0.asok.txt,node164_ceph-osd.1.asok.txt,node164_ceph-osd.7.asok.txt,node165_ceph-osd.2.asok.txt,node165_ceph-osd.3.asok.txt,node166_ceph-osd.4.asok.txt,node166_ceph-osd.5.asok.txt
0,55,41,57,79,65,59,57
1,55,41,57,79,65,59,57
2,55,41,57,79,65,59,57
3,55,41,57,79,65,59,57
4,55,41,57,79,65,59,57
5,55,41,57,79,65,59,57
6,55,41,57,79,65,59,57
7,55,41,57,79,65,59,57
8,55,41,57,79,65,59,57
9,55,41,57,79,65,59,57
10,55,41,57,79,65,59,57
11,55,41,57,79,65,59,57
12,55,41,57,79,65,59,57
13,55,41,57,79,65,59,57
14,55,41,57,79,65,59,57
15,55,41,57,79,65,59,57
16,55,41,57,79,65,59,57
17,55,41,57,79,65,59,57
18,55,41,57,79,65,59,57
19,55,41,57,79,65,59,57
20,55,41,57,79,65,59,57
21,55,41,57,79,65,59,57
22,55,41,57,79,65,59,57
23,55,41,57,79,65,59,57
24,55,41,57,79,65,59,57
25,55,41,57,79,65,59,57
26,55,41,57,79,65,59,57
27,55,41,57,79,65,59,57
28,55,41,57,79,65,59,57
29,55,41,57,79,65,59,57
30,55,41,57,79,65,59,57
31,55,41,57,79,65,59,57
32,55,41,57,79,65,59,57
33,55,41,57,79,65,59,57
34,55,41,57,79,65,59,57
35,55,41,57,79,65,59,57
36,55,41,57,79,65,59,57
37,55,41,57,79,65,59,57
38,55,41,57,79,65,59,57
39,55,41,57,79,65,59,57
40,55,41,57,79,65,59,57
41,55,41,57,79,65,59,57
42,55,41,57,Null,Null,59,57
43,55,41,57,Null,Null,59,57
44,55,41,57,Null,Null,59,57
45,55,41,57,Null,Null,59,57
46,55,41,57,Null,Null,59,57
47,55,41,57,Null,Null,59,57
48,55,41,57,Null,Null,59,57
49,55,41,57,Null,Null,59,57
50,55,41,57,Null,Null,59,57
51,55,41,57,Null,Null,59,57
52,55,41,57,Null,Null,59,57
53,55,41,57,Null,Null,59,57
54,55,41,57,Null,Null,59,57
55,55,41,57,Null,Null,59,57
56,55,41,57,Null,Null,59,57
57,55,41,57,Null,Null,59,57
58,55,41,57,Null,Null,59,57
59,55,41,57,Null,Null,59,57
60,55,41,57,Null,Null,59,57
61,55,41,57,Null,Null,59,57
62,55,41,57,Null,Null,59,57
63,55,41,57,Null,Null,59,57
64,55,41,57,Null,Null,59,57
65,55,41,57,Null,Null,59,57
66,55,41,57,Null,Null,59,57
67,55,41,57,Null,Null,59,57
68,55,41,57,Null,Null,59,57
69,55,41,57,Null,Null,59,57
70,55,41,57,Null,Null,59,57
71,55,41,57,Null,Null,59,57
72,55,41,57,Null,Null,59,57
73,55,41,57,Null,Null,59,57
74,55,41,57,Null,Null,59,57
75,55,41,57,Null,Null,59,57
76,55,41,57,Null,Null,59,57
77,55,41,57,Null,Null,59,57
78,55,41,57,Null,Null,59,57
79,55,41,57,Null,Null,59,57
80,55,41,57,Null,Null,59,57
81,55,41,57,Null,Null,59,57
82,55,41,57,Null,Null,59,57
83,55,41,57,Null,Null,59,57
84,55,41,57,Null,Null,59,57
85,55,41,57,Null,Null,59,57
86,55,41,57,Null,Null,59,57
87,55,41,57,Null,Null,59,57
88,55,41,57,Null,Null,59,57
89,55,41,57,Null,Null,59,57
90,55,41,57,Null,Null,59,57
91,55,41,57,Null,Null,59,57
92,55,41,57,Null,Null,59,57
93,55,41,57,Null,Null,59,57
94,55,41,57,Null,Null,59,57
95,55,41,57,Null,Null,59,57
96,55,41,57,Null,Null,59,57
97,55,41,57,Null,Null,59,57
98,55,41,57,Null,Null,59,57
99,55,41,57,Null,Null,59,57
100,55,41,57,Null,Null,59,57
101,55,41,57,Null,Null,59,57
102,55,41,57,Null,Null,59,57
103,55,41,57,Null,Null,59,57
104,55,41,57,Null,Null,59,57
105,55,41,57,Null,Null,59,57
106,55,41,57,Null,Null,59,57
107,55,41,57,Null,Null,59,57
108,55,41,57,Null,Null,59,57
109,55,41,57,Null,Null,59,57
110,55,41,57,Null,Null,59,57
111,55,41,57,Null,Null,59,57
112,55,41,57,Null,Null,59,57
113,55,41,57,Null,Null,59,57
114,55,41,57,Null,Null,59,57
115,55,41,57,Null,Null,59,57
116,55,41,57,Null,Null,59,57
117,55,41,57,Null,Null,59,57
118,55,41,57,Null,Null,59,57
119,55,41,57,Null,Null,59,57
120,55,41,57,Null,Null,59,57
121,55,41,57,Null,Null,59,57
122,55,41,57,Null,Null,59,57
123,55,41,57,Null,Null,59,57
124,55,41,57,Null,Null,59,57
125,55,41,57,Null,Null,59,57
126,55,41,57,Null,Null,59,57
127,55,41,57,Null,Null,59,57
128,55,41,57,Null,Null,59,57
129,55,41,57,Null,Null,59,57
130,55,41,57,Null,Null,59,57
131,55,41,57,Null,Null,59,57
132,55,41,57,Null,Null,59,57
133,55,41,57,Null,Null,59,57
134,55,41,57,Null,Null,59,57
135,55,41,57,Null,Null,59,57
136,55,41,57,Null,Null,59,57
137,55,41,57,Null,Null,59,57
138,55,41,57,Null,Null,59,57
139,55,41,57,Null,Null,59,57
140,55,41,57,Null,Null,59,57
141,55,41,57,Null,Null,59,57
142,55,41,57,Null,Null,59,57
143,55,41,57,Null,Null,59,57
144,55,41,57,Null,Null,59,57
145,55,41,57,Null,Null,59,57
146,55,41,57,Null,Null,59,57
147,55,41,57,Null,Null,59,57
148,55,41,57,Null,Null,59,57
149,55,41,57,Null,Null,59,57
150,55,41,57,Null,Null,59,57
151,Null,Null,Null,Null,Null,59,57
152,Null,Null,Null,Null,Null,59,57
153,Null,Null,Null,Null,Null,59,57
154,Null,Null,Null,Null,Null,59,57
155,Null,Null,Null,Null,Null,59,57
156,Null,Null,Null,Null,Null,59,57
157,Null,Null,Null,Null,Null,59,57
158,Null,Null,Null,Null,Null,59,57
159,Null,Null,Null,Null,Null,59,57
160,Null,Null,Null,Null,Null,59,57
161,Null,Null,Null,Null,Null,59,57
162,Null,Null,Null,Null,Null,59,57
163,Null,Null,Null,Null,Null,59,57
164,Null,Null,Null,Null,Null,59,57
165,Null,Null,Null,Null,Null,59,57
166,Null,Null,Null,Null,Null,59,57
167,Null,Null,Null,Null,Null,59,57
168,Null,Null,Null,Null,Null,59,57
169,Null,Null,Null,Null,Null,59,57
170,Null,Null,Null,Null,Null,59,57
171,Null,Null,Null,Null,Null,59,57
172,Null,Null,Null,Null,Null,59,57
173,Null,Null,Null,Null,Null,59,57
174,Null,Null,Null,Null,Null,59,57
175,Null,Null,Null,Null,Null,59,57
176,Null,Null,Null,Null,Null,59,57
177,Null,Null,Null,Null,Null,59,57
178,Null,Null,Null,Null,Null,59,57
179,Null,Null,Null,Null,Null,59,57
180,Null,Null,Null,Null,Null,59,57
181,Null,Null,Null,Null,Null,59,57
182,Null,Null,Null,Null,Null,59,57
183,Null,Null,Null,Null,Null,59,57
184,Null,Null,Null,Null,Null,59,57
185,Null,Null,Null,Null,Null,59,57
186,Null,Null,Null,Null,Null,59,57
187,Null,Null,Null,Null,Null,59,57
188,Null,Null,Null,Null,Null,59,57