map_messages,node164_ceph-osd.0.asok.txt,node164_ceph-osd.1.asok.txt,node164_ceph-osd.7.asok.txt,node165_ceph-osd.2.asok.txt,node165_ceph-osd.3.asok.txt,node166_ceph-osd.4.asok.txt,node166_ceph-osd.5.asok.txt
0,43,35,34,59,38,25,25
1,43,35,34,59,38,25,25
2,43,35,34,59,38,25,25
3,43,35,34,59,38,25,25
4,43,35,34,59,38,25,25
5,43,35,34,59,38,25,25
6,43,35,34,59,38,25,25
7,43,35,34,59,38,25,25
8,43,35,34,59,38,25,25
9,43,35,34,59,38,25,25
10,43,35,34,59,38,25,25
11,43,35,34,59,38,25,25
12,43,35,34,59,38,25,25
13,43,35,34,59,38,25,25
14,43,35,34,59,38,25,25
15,43,35,34,59,38,25,25
16,43,35,34,59,38,25,25
17,43,35,34,59,38,25,25
18,43,35,34,59,38,25,25
19,43,35,34,59,38,25,25
20,43,35,34,59,38,25,25
21,43,35,34,59,38,25,25
22,43,35,34,59,38,25,25
23,43,35,34,59,38,25,25
24,43,35,34,59,38,25,25
25,43,35,34,59,38,25,25
26,43,35,34,59,38,25,25
27,43,35,34,59,38,25,25
28,43,35,34,59,38,25,25
29,43,35,34,59,38,25,25
30,43,35,34,59,38,25,25
31,43,35,34,59,38,25,25
32,43,35,34,59,38,25,25
33,43,35,34,59,38,25,25
34,43,35,34,59,38,25,25
35,43,35,34,59,38,25,25
36,43,35,34,59,38,25,25
37,43,35,34,59,38,25,25
38,43,35,34,59,38,25,25
39,43,35,34,59,38,25,25
40,43,35,34,59,38,25,25
41,43,35,34,59,38,25,25
42,43,35,34,Null,Null,25,25
43,43,35,34,Null,Null,25,25
44,43,35,34,Null,Null,25,25
45,43,35,34,Null,Null,25,25
46,43,35,34,Null,Null,25,25
47,43,35,34,Null,Null,25,25
48,43,35,34,Null,Null,25,25
49,43,35,34,Null,Null,25,25
50,43,35,34,Null,Null,25,25
51,43,35,34,Null,Null,25,25
52,43,35,34,Null,Null,25,25
53,43,35,34,Null,Null,25,25
54,43,35,34,Null,Null,25,25
55,43,35,34,Null,Null,25,25
56,43,35,34,Null,Null,25,25
57,43,35,34,Null,Null,25,25
58,43,35,34,Null,Null,25,25
59,43,35,34,Null,Null,25,25
60,43,35,34,Null,Null,25,25
61,43,35,34,Null,Null,25,25
62,43,35,34,Null,Null,25,25
63,43,35,34,Null,Null,25,25
64,43,35,34,Null,Null,25,25
65,43,35,34,Null,Null,25,25
66,43,35,34,Null,Null,25,25
67,43,35,34,Null,Null,25,25
68,43,35,34,Null,Null,25,25
69,43,35,34,Null,Null,25,25
70,43,35,34,Null,Null,25,25
71,43,35,34,Null,Null,25,25
72,43,35,34,Null,Null,25,25
73,43,35,34,Null,Null,25,25
74,43,35,34,Null,Null,25,25
75,43,35,34,Null,Null,25,25
76,43,35,34,Null,Null,25,25
77,43,35,34,Null,Null,25,25
78,43,35,34,Null,Null,25,25
79,43,35,34,Null,Null,25,25
80,43,35,34,Null,Null,25,25
81,43,35,34,Null,Null,25,25
82,43,35,34,Null,Null,25,25
83,43,35,34,Null,Null,25,25
84,43,35,34,Null,Null,25,25
85,43,35,34,Null,Null,25,25
86,43,35,34,Null,Null,25,25
87,43,35,34,Null,Null,25,25
88,43,35,34,Null,Null,25,25
89,43,35,34,Null,Null,25,25
90,43,35,34,Null,Null,25,25
91,43,35,34,Null,Null,25,25
92,43,35,34,Null,Null,25,25
93,43,35,34,Null,Null,25,25
94,43,35,34,Null,Null,25,25
95,43,35,34,Null,Null,25,25
96,43,35,34,Null,Null,25,25
97,43,35,34,Null,Null,25,25
98,43,35,34,Null,Null,25,25
99,43,35,34,Null,Null,25,25
100,43,35,34,Null,Null,25,25
101,43,35,34,Null,Null,25,25
102,43,35,34,Null,Null,25,25
103,43,35,34,Null,Null,25,25
104,43,35,34,Null,Null,25,25
105,43,35,34,Null,Null,25,25
106,43,35,34,Null,Null,25,25
107,43,35,34,Null,Null,25,25
108,43,35,34,Null,Null,25,25
109,43,35,34,Null,Null,25,25
110,43,35,34,Null,Null,25,25
111,43,35,34,Null,Null,25,25
112,43,35,34,Null,Null,25,25
113,43,35,34,Null,Null,25,25
114,43,35,34,Null,Null,25,25
115,43,35,34,Null,Null,25,25
116,43,35,34,Null,Null,25,25
117,43,35,34,Null,Null,25,25
118,43,35,34,Null,Null,25,25
119,43,35,34,Null,Null,25,25
120,43,35,34,Null,Null,25,25
121,43,35,34,Null,Null,25,25
122,43,35,34,Null,Null,25,25
123,43,35,34,Null,Null,25,25
124,43,35,34,Null,Null,25,25
125,43,35,34,Null,Null,25,25
126,43,35,34,Null,Null,25,25
127,43,35,34,Null,Null,25,25
128,43,35,34,Null,Null,25,25
129,43,35,34,Null,Null,25,25
130,43,35,34,Null,Null,25,25
131,43,35,34,Null,Null,25,25
132,43,35,34,Null,Null,25,25
133,43,35,34,Null,Null,25,25
134,43,35,34,Null,Null,25,25
135,43,35,34,Null,Null,25,25
136,43,35,34,Null,Null,25,25
137,43,35,34,Null,Null,25,25
138,43,35,34,Null,Null,25,25
139,43,35,34,Null,Null,25,25
140,43,35,34,Null,Null,25,25
141,43,35,34,Null,Null,25,25
142,43,35,34,Null,Null,25,25
143,43,35,34,Null,Null,25,25
144,43,35,34,Null,Null,25,25
145,43,35,34,Null,Null,25,25
146,43,35,34,Null,Null,25,25
147,43,35,34,Null,Null,25,25
148,43,35,34,Null,Null,25,25
149,43,35,34,Null,Null,25,25
150,43,35,34,Null,Null,25,25
151,Null,Null,Null,Null,Null,25,25
152,Null,Null,Null,Null,Null,25,25
153,Null,Null,Null,Null,Null,25,25
154,Null,Null,Null,Null,Null,25,25
155,Null,Null,Null,Null,Null,25,25
156,Null,Null,Null,Null,Null,25,25
157,Null,Null,Null,Null,Null,25,25
158,Null,Null,Null,Null,Null,25,25
159,Null,Null,Null,Null,Null,25,25
160,Null,Null,Null,Null,Null,25,25
161,Null,Null,Null,Null,Null,25,25
162,Null,Null,Null,Null,Null,25,25
163,Null,Null,Null,Null,Null,25,25
164,Null,Null,Null,Null,Null,25,25
165,Null,Null,Null,Null,Null,25,25
166,Null,Null,Null,Null,Null,25,25
167,Null,Null,Null,Null,Null,25,25
168,Null,Null,Null,Null,Null,25,25
169,Null,Null,Null,Null,Null,25,25
170,Null,Null,Null,Null,Null,25,25
171,Null,Null,Null,Null,Null,25,25
172,Null,Null,Null,Null,Null,25,25
173,Null,Null,Null,Null,Null,25,25
174,Null,Null,Null,Null,Null,25,25
175,Null,Null,Null,Null,Null,25,25
176,Null,Null,Null,Null,Null,25,25
177,Null,Null,Null,Null,Null,25,25
178,Null,Null,Null,Null,Null,25,25
179,Null,Null,Null,Null,Null,25,25
180,Null,Null,Null,Null,Null,25,25
181,Null,Null,Null,Null,Null,25,25
182,Null,Null,Null,Null,Null,25,25
183,Null,Null,Null,Null,Null,25,25
184,Null,Null,Null,Null,Null,25,25
185,Null,Null,Null,Null,Null,25,25
186,Null,Null,Null,Null,Null,25,25
187,Null,Null,Null,Null,Null,25,25
188,Null,Null,Null,Null,Null,25,25